中文,English,Links
清新黄瓜乳酪吐司,Cucumber & Ricotta Toast,https://www.eatingwell.com/cucumber-ricotta-toast-8657567
清新柠檬浆果吐司,Lemon-Berry Ricotta Toast,https://www.eatingwell.com/recipe/8045884/lemon-berry-ricotta-toast/
蒜香早餐三明治,Pesto Breakfast Sandwich,https://www.eatingwell.com/pesto-breakfast-sandwich-8674766
碎熏鲑鱼蔬菜贝果,Chopped Lox & Veggie Bagel,https://www.eatingwell.com/chopped-lox-veggie-bagel-8609451
桃香熏火腿乳清干酪吐司,Ricotta Toast with Peaches & Prosciutto,https://www.eatingwell.com/ricotta-toast-with-peaches-prosciutto-8660918
吐司,Mascarpone & Berries Toast,https://www.eatingwell.com/recipe/272746/mascarpone-berries-toast/
无花果蜂蜜酸奶,Fig & Honey Yogurt,https://www.eatingwell.com/recipe/258520/fig-honey-yogurt/
香草奶油奶酪番茄吐司,Tomato Toast with Herbed Cream Cheese,https://www.eatingwell.com/tomato-toasts-with-herbed-cream-cheese-8674844
香蕉早餐三明治,Peanut Butter and Banana Breakfast Sandwich,https://www.eatingwell.com/recipe/262893/peanut-butter-and-banana-breakfast-sandwich/
香辣毛豆鲜虾沙拉碗,Spicy Slaw Bowls with Shrimp & Edamame,https://www.eatingwell.com/recipe/269254/spicy-slaw-bowls-with-shrimp-edamame/
羊乳酪菠菜炒蛋杯,Spinach & Feta Mug Scrambled Eggs,https://www.eatingwell.com/spinach-feta-mug-scrambled-eggs-8656064
营养黑豆酸奶碗,High-Protein Black Bean Breakfast Bowl,https://www.eatingwell.com/high-protein-black-bean-breakfast-bowl-8601451
鸡肉玉米饼,Shredded Chicken Tacos,https://www.eatingwell.com/recipe/270350/shredded-chicken-tacos/
菠菜菲塔蛋塔可,"Feta, Egg & Spinach Breakfast Taco",https://www.eatingwell.com/feta-egg-spinach-breakfast-taco-8608285
菠菜煎蛋谷物碗,Spinach & Fried Egg Grain Bowls,https://www.eatingwell.com/recipe/8057385/spinach-and-fried-egg-grain-bowls/
草莓菠萝冰沙,Strawberry-Pineapple Smoothie,https://www.eatingwell.com/recipe/271091/strawberry-pineapple-smoothie/
草莓奶油芝士三明治,Strawberry & Cream Cheese Sandwich,https://www.eatingwell.com/recipe/249521/strawberry-cream-cheese-sandwich/
草莓巧克力冰沙,Strawberry-Chocolate Smoothie,https://www.eatingwell.com/recipe/271089/strawberry-chocolate-smoothie/
炒鸡蛋,Diner-Style Scrambled Eggs,https://www.eatingwell.com/recipe/8031456/diner-style-scrambled-eggs/
醇香三味烤鸡沙拉,3-Ingredient Creamy Rotisserie Chicken Salad,https://www.eatingwell.com/recipe/7915641/3-ingredient-creamy-rotisserie-chicken-salad/
鳄梨番茄鸡肉三明治,"Avocado, Tomato & Chicken Sandwich",https://www.eatingwell.com/recipe/250881/avocado-tomato-chicken-sandwich/
鳄梨吐司,Copycat Dunkin’ Avocado Toast,https://www.eatingwell.com/copycat-dunkin-avocado-toast-8660901
番茄山羊乳酪吐司,Goat Cheese-Tomato Toast,https://www.eatingwell.com/goat-cheese-tomato-toast-8660979
花生酱浆果华夫饼,Peanut Butter & Berries Waffle Sandwich,https://www.eatingwell.com/recipe/8008397/peanut-butter-berries-waffle-sandwich/
鸡蛋菠菜切达三明治,"Egg, Spinach & Cheddar Breakfast Sandwich",https://www.eatingwell.com/recipe/8030933/egg-spinach-cheddar-breakfast-sandwich/
蔓越莓酸奶碗,Cherry-Berry Smoothie Bowl,https://www.eatingwell.com/cherry-berry-smoothie-bowls-7972989
苹果花生酱吐司,Apple & Peanut Butter Toast,https://www.eatingwell.com/recipe/272745/apple-peanut-butter-toast/
卡普雷塞三明治,Caprese Sandwich,https://www.eatingwell.com/recipe/7944052/caprese-sandwich/
火腿炒蛋贝果,Green Eggs & Ham Bagel Breakfast Sandwich,https://www.eatingwell.com/recipe/252987/green-eggs-ham-bagel-breakfast-sandwich/
火腿奶酪蛋饼,"Muffin-Tin Omelets with Broccoli, Ham & Cheddar",https://www.eatingwell.com/recipe/279258/muffin-tin-omelets-with-broccoli-ham-cheddar/
帕尔马醋汁菠菜洋蓟沙拉,Spinach & Artichoke Salad with Parmesan Vinaigrette,https://www.eatingwell.com/recipe/277635/spinach-artichoke-salad-with-parmesan-vinaigrette/
花椰菜芦笋烤鸡,Cauliflower Rice Bowls with Grilled Asparagus & Chicken Sausage,https://www.eatingwell.com/recipe/277788/cauliflower-rice-bowls-with-grilled-asparagus-chicken-sausage/
番薯什锦蔬菜鸡肉花生酱沙拉,"Sweet Potato, Kale & Chicken Salad with Peanut Dressing",https://www.eatingwell.com/recipe/277650/sweet-potato-kale-chicken-salad-with-peanut-dressing/
山羊奶酪烤蔬菜沙拉,Grilled Vegetable Salads with Goat Cheese,https://www.eatingwell.com/recipe/277763/grilled-vegetable-salads-with-goat-cheese/
花椰菜玉米饼碗,Chipotle-Lime Cauliflower Taco Bowls,https://www.eatingwell.com/recipe/276890/chipotle-lime-cauliflower-taco-bowls/
抱子甘蓝鹰嘴豆沙拉,Brussels Sprouts Salad with Crunchy Chickpeas,https://www.eatingwell.com/recipe/276888/brussels-sprouts-salad-with-crunchy-chickpeas/
什锦蔬菜烤南瓜,Roasted Butternut Squash & Root Vegetables with Cauliflower Gnocchi,https://www.eatingwell.com/recipe/275271/roasted-butternut-squash-root-vegetables-with-cauliflower-gnocchi/
番茄甜菜南瓜汤,"Butternut Squash, Tomato, Chard & Chickpea Soup",https://www.eatingwell.com/recipe/277959/butternut-squash-tomato-chard-chickpea-soup/
奶油白豆汤,Creamy White Bean Soup,https://www.eatingwell.com/recipe/7939867/creamy-white-bean-soup/
什锦鹰嘴豆泥馅饼,Roasted Veggie & Hummus Pita Pockets,https://www.eatingwell.com/recipe/261292/roasted-veggie-hummus-pita-pockets/
香肠土豆蔬菜汤,"Sausage, Potato & Kale Soup",https://www.eatingwell.com/recipe/281242/sausage-potato-kale-soup/
鸡肉藜麦沙拉,Loaded Chicken-Quinoa Salad,https://www.eatingwell.com/recipe/261291/loaded-chicken-quinoa-salad/
绿色健康沙拉碗,Green Goddess Grain Bowl,https://www.eatingwell.com/recipe/260739/green-goddess-buddha-bowl/
卷心菜汤,Vegan Cabbage Soup,https://www.eatingwell.com/recipe/277960/vegan-cabbage-soup/
蔬菜藜麦沙拉,Roasted Veggie & Quinoa Salad,https://www.eatingwell.com/recipe/261290/roasted-veggie-quinoa-salad/
慢炖鸡汤面,Slow-Cooker Chicken Noodle Soup Meal-Prep Freezer Pack,https://www.eatingwell.com/recipe/261180/slow-cooker-chicken-noodle-soup-meal-prep-freezer-pack/
鹰嘴豆卷心菜谷物碗,Grain Bowl with Chickpeas & Cauliflower,https://www.eatingwell.com/recipe/260721/om-buddha-bowl/
鹰嘴豆什锦蔬菜谷物碗,Chickpea & Veggie Grain Bowl,https://www.eatingwell.com/recipe/261289/chickpea-veggie-grain-bowl/
彩虹谷物碗,Rainbow Grain Bowl with Cashew Sauce,https://www.eatingwell.com/recipe/260740/rainbow-buddha-bowl-with-cashew-tahini-sauce/
鸡肉藜麦蔬菜碗,"Chicken, Quinoa & Veggie Bowl",https://www.eatingwell.com/recipe/261288/chicken-quinoa-veggie-bowl/
黑豆藜麦碗,Black Bean-Quinoa Bowl,https://www.eatingwell.com/recipe/260726/black-bean-quinoa-buddha-bowl/
鹰嘴豆藜麦谷物碗,Chickpea & Quinoa Grain Bowl,https://www.eatingwell.com/recipe/259822/chickpea-quinoa-buddha-bowl/
红辣椒鹰嘴豆泥卷,Cucumber & Roasted Red Pepper Hummus Wrap,https://www.eatingwell.com/recipe/8070837/cucumber-roasted-red-pepper-hummus-wrap/
菠菜鸡蛋红薯吐司,Spinach & Egg Sweet Potato Toast,https://www.eatingwell.com/recipe/262099/spinach-egg-sweet-potato-toast/
布里干酪果酱卷,Brie & Jam Wrap,https://www.eatingwell.com/3-ingredient-brie-jam-wrap-8303973
番茄橄榄松饼,English Muffin Pizza with Tomato & Olives,https://www.eatingwell.com/recipe/7906156/english-muffin-pizza-with-tomato-olives/
酸橙爆辣猪肉卷,Pork Wrap with Lime-Jalape?o Slaw,https://www.eatingwell.com/recipe/280190/pork-wrap-with-lime-jalapeno-slaw/
黑豆意面,Southwest Black-Bean Pasta Salad Bowls,https://www.eatingwell.com/recipe/277768/southwest-black-bean-pasta-salad-bowls/
鲑鱼盖饭,Salmon Rice Bowl,https://www.eatingwell.com/recipe/7960938/salmon-rice-bowl/
酸甜鸡盖饭,Easy Chicken Tinga Rice Bowls,https://www.eatingwell.com/recipe/7944689/chicken-tinga-rice-bowls/
意大利面,White Bean Soup with Pasta,https://www.eatingwell.com/recipe/7923697/white-bean-soup-with-pasta/
蒜香凤尾西兰花意面,Garlic-Anchovy Pasta with Broccolini,https://www.eatingwell.com/recipe/7944627/garlic-anchovy-pasta-with-broccolini/
培根意大利面,"Spinach, Lima Bean & Crispy Pancetta Pasta",https://www.eatingwell.com/recipe/278554/spinach-lima-bean-crispy-pancetta-pasta/
香醇奶油椒芝士烩,Creamy White Chili with Cream Cheese,https://www.eatingwell.com/recipe/269831/creamy-white-chili-with-cream-cheese/
蔬香饼,Black Bean & Slaw Bagel,https://www.eatingwell.com/recipe/7920673/black-bean-slaw-bagel/
咖喱饭,Vegan Coconut Chickpea Curry,https://www.eatingwell.com/recipe/267876/vegan-coconut-chickpea-curry/
脆皮鸡肉盖饭,Crispy Chicken Rice Bowl,https://www.eatingwell.com/crispy-chicken-rice-bowl-8695886
南瓜牛排,Marry Me Butternut Squash Steaks,https://www.eatingwell.com/marry-me-butternut-squash-steaks-8691000
土豆咖喱饭,One-Pot Potato Curry,https://www.eatingwell.com/potato-curry-8686007
蘑菇牛排,Garlic-Butter Mushroom Steaks,https://www.eatingwell.com/garlic-butter-mushroom-steaks-8692553
谷物碗,Vegan Superfood Grain Bowls,https://www.eatingwell.com/recipe/269844/vegan-superfood-grain-bowls/
沙拉,Loaded Chicken-Quinoa Salad,https://www.eatingwell.com/recipe/261291/loaded-chicken-quinoa-salad/
苹果片,Mixed Greens with Lentils & Sliced Apple,https://www.eatingwell.com/recipe/259816/mixed-greens-with-lentils-sliced-apple/
鸡肉碗,Meal-Prep Curried Chicken Bowls,https://www.eatingwell.com/recipe/268334/meal-prep-curried-chicken-bowls/
藜麦牛油果沙拉,Quinoa Avocado Salad,https://www.eatingwell.com/recipe/264061/quinoa-avocado-salad/
香辣鸡肉羽衣甘蓝玉米饼,Adobo Chicken & Kale Enchiladas,https://www.eatingwell.com/recipe/260921/adobo-chicken-kale-enchiladas/
香甜蜜烤鸡配烤蔬菜,Hot Honey Roasted Chicken & Vegetables,https://www.eatingwell.com/hot-honey-roast-chicken-vegetables-8683259
奶油香煎鸡肉配蘑菇,Creamy Chicken & Mushrooms,https://www.eatingwell.com/recipe/259645/creamy-chicken-mushrooms/
鲜虾鱼炖汤,Shrimp & Fish Stew,https://www.eatingwell.com/recipe/259489/shrimp-fish-stew/
奶香鸡肉孢子甘蓝蘑菇意面,"Creamy Chicken, Brussels Sprouts & Mushrooms One-Pot Pasta",https://www.eatingwell.com/recipe/257110/creamy-chicken-brussels-sprouts-mushrooms-one-pot-pasta/
南瓜香浓烩饭,Instant Pot Butternut Squash Risotto,https://www.eatingwell.com/recipe/268868/instant-pot-butternut-squash-risotto/
轻盈卷心菜汤,Weight-Loss Cabbage Soup,https://www.eatingwell.com/recipe/269488/cabbage-diet-soup/
便捷素食辣椒,Easy Vegetarian Chili,https://www.eatingwell.com/recipe/256489/easy-vegetarian-chili/
慢炖西班牙鸡肉饭,Slow-Cooker Arroz con Pollo (Chicken & Rice),https://www.eatingwell.com/recipe/269113/slow-cooker-arroz-con-pollo-chicken-rice/
奶油芝士白辣椒炖菜,Creamy White Chili with Cream Cheese,https://www.eatingwell.com/recipe/269831/creamy-white-chili-with-cream-cheese/
蔓越莓蜜醋烤鸡腿,Cranberry-Balsamic Chicken Thighs,https://www.eatingwell.com/recipe/262105/cranberry-balsamic-chicken-thighs/
慢炖鸡肉白豆浓汤,Slow-Cooker Chicken & White Bean Stew,https://www.eatingwell.com/recipe/269820/slow-cooker-chicken-white-bean-stew/
风味香肠甘蓝土豆汤,"Sausage, Brussels Sprout & Potato Soup",https://www.eatingwell.com/recipe/260927/sausage-brussels-sprout-potato-soup/
香烤鸡肉配烤甜薯,Roast Chicken & Sweet Potato,https://www.eatingwell.com/recipe/250549/roast-chicken-sweet-potatoes/
肉沫意大利面煎锅,Ground Beef & Pasta Skillet,https://www.eatingwell.com/recipe/258448/ground-beef-pasta-skillet/
